pk_walk_board,op_walk_board,pk_drive_board,op_drive_board,total
47493.230963,46427.722166,5002.500419,4328.780608,103252.234156
