pk_walk_board,op_walk_board,pk_drive_board,op_drive_board,total
9326.767463,11634.278717,2526.217773,2263.172495,25750.436449
