pk_walk_board,op_walk_board,pk_drive_board,op_drive_board,total
7694.668134,9291.063653,2410.788688,2085.698281,21482.218755
