pk_walk_board,op_walk_board,pk_drive_board,op_drive_board,total
32562.948736,31428.241455,4057.989058,3374.188378,71423.367628
