pk_walk_board,op_walk_board,pk_drive_board,op_drive_board,total
33633.887867,32527.246958,3696.630063,3082.434583,72940.199471
