pk_walk_board,op_walk_board,pk_drive_board,op_drive_board,total
6177.803613,7806.490363,1862.49816,1631.976372,17478.768508
