pk_walk_board,op_walk_board,pk_drive_board,op_drive_board,total
34281.205786,32321.752578,4650.044377,3896.549381,75149.552122
