pk_walk_board,op_walk_board,pk_drive_board,op_drive_board,total
9008.224461,10645.432359,2761.200268,2406.542344,24821.399432
