pk_walk_board,op_walk_board,pk_drive_board,op_drive_board,total
44969.149247,43845.102193,4982.587549,4201.127299,97997.966289
