pk_walk_board,op_walk_board,pk_drive_board,op_drive_board,total
10246.109143,12361.306573,2963.992807,2584.87717,28156.285693
